抽せん日,予測1,信頼度1,予測2,信頼度2,予測3,信頼度3,予測4,信頼度4,予測5,信頼度5
2013-06-14,"12, 13, 15, 23, 27, 28, 33",0.788,"7, 10, 15, 17, 19, 30, 34",0.68,"2, 4, 8, 9, 15, 22, 25",0.614,,,,
2013-06-21,"12, 15, 17, 23, 27, 28, 34",0.792,"2, 3, 8, 9, 13, 19, 29",0.654,"1, 3, 6, 24, 28, 30, 36",0.617,,,,
2013-06-28,"12, 19, 23, 27, 28, 30, 34",0.84,"2, 4, 8, 9, 15, 22, 25",0.64,"12, 13, 14, 15, 16, 18, 37",0.804,,,,
2013-07-05,"12, 19, 23, 27, 28, 30, 33",0.852,"2, 4, 8, 9, 15, 22, 25",0.64,"12, 13, 14, 15, 16, 18, 37",0.824,,,,
2013-07-12,"15, 19, 23, 27, 28, 30, 34",0.86,"12, 13, 14, 15, 16, 18, 37",0.838,"2, 4, 8, 9, 15, 22, 25",0.682,,,,
2013-07-19,"10, 12, 17, 23, 27, 30, 33",0.874,"2, 4, 8, 9, 15, 22, 25",0.704,"12, 13, 14, 15, 16, 18, 37",0.844,,,,
2013-07-26,"12, 13, 17, 23, 27, 28, 30",0.882,"2, 4, 8, 9, 15, 22, 25",0.712,"5, 10, 13, 19, 30, 33, 34",0.778,,,,
2013-08-02,"12, 13, 14, 15, 16, 18, 37",0.898,"5, 7, 17, 23, 27, 28, 34",0.712,"2, 4, 8, 9, 15, 22, 25",0.73,,,,
2013-08-09,"12, 13, 14, 15, 16, 18, 37",0.912,"10, 23, 27, 28, 30, 33, 34",0.882,"2, 3, 8, 9, 13, 19, 29",0.739,,,,
2013-08-16,"12, 13, 14, 15, 16, 18, 37",0.92,"5, 17, 19, 23, 27, 33, 34",0.806,"2, 4, 8, 9, 15, 22, 25",0.734,,,,
2013-08-23,"12, 13, 14, 15, 16, 18, 37",0.932,"7, 10, 17, 23, 28, 30, 33",0.808,"2, 3, 8, 9, 13, 19, 29",0.763,,,,
2013-08-30,"12, 13, 15, 19, 23, 28, 30",0.958,"5, 10, 17, 27, 30, 33, 34",0.832,"2, 4, 8, 9, 15, 22, 25",0.771,,,,
2013-09-06,"12, 13, 19, 23, 28, 30, 33",0.96,"2, 4, 8, 9, 15, 22, 25",0.814,"5, 10, 13, 17, 27, 33, 34",0.83,,,,
2013-09-13,"13, 15, 17, 23, 28, 33, 34",0.966,"2, 4, 8, 9, 15, 22, 25",0.824,"5, 7, 10, 12, 15, 19, 30",0.746,,,,
2013-09-20,"12, 13, 14, 15, 16, 18, 37",0.98,"10, 19, 23, 27, 28, 33, 34",0.97,"2, 4, 8, 9, 15, 22, 25",0.826,,,,
2013-09-27,"12, 13, 14, 15, 16, 18, 37",1.004,"7, 17, 19, 27, 28, 30, 33",0.875,"2, 4, 8, 9, 15, 22, 25",0.822,,,,
2013-10-04,"12, 13, 14, 15, 16, 18, 37",1.02,"7, 10, 17, 19, 23, 28, 30",0.886,"2, 4, 8, 9, 15, 22, 25",0.821,,,,
2013-10-11,"12, 13, 14, 15, 16, 18, 37",1.042,"5, 19, 23, 27, 28, 30, 34",0.882,"2, 4, 8, 9, 15, 22, 25",0.818,,,,
2013-10-18,"12, 13, 14, 15, 16, 18, 37",1.098,"17, 23, 27, 28, 30, 33, 34",0.99,"2, 4, 8, 9, 15, 22, 25",0.829,,,,
2013-10-25,"12, 13, 14, 15, 16, 18, 37",1.104,"10, 19, 23, 27, 28, 33, 34",1.01,"2, 4, 8, 9, 15, 22, 25",0.84,,,,
2013-11-01,"12, 13, 14, 15, 16, 18, 37",1.112,"5, 10, 17, 19, 28, 30, 34",0.932,"2, 4, 8, 9, 15, 22, 25",0.867,,,,
2013-11-08,"12, 13, 14, 15, 16, 18, 37",1.12,"10, 19, 23, 27, 28, 33, 34",1.078,"2, 4, 8, 9, 15, 22, 25",0.878,,,,
2013-11-15,"12, 13, 14, 15, 16, 18, 37",1.15,"10, 17, 19, 23, 28, 30, 33",1.078,"2, 4, 8, 9, 15, 22, 25",0.882,,,,
2013-11-22,"12, 13, 14, 15, 16, 18, 37",1.15,"10, 17, 23, 27, 28, 33, 34",1.106,"2, 3, 8, 9, 13, 19, 29",0.915,,,,
2013-11-29,"12, 13, 14, 15, 16, 18, 37",1.148,"10, 17, 19, 23, 27, 33, 34",1.114,"1, 6, 9, 24, 27, 28, 30",0.928,,,,
2013-12-06,"12, 13, 14, 15, 16, 18, 37",1.166,"10, 19, 23, 27, 28, 30, 34",1.124,"2, 4, 8, 9, 15, 22, 25",0.914,,,,
2013-12-13,"12, 13, 14, 15, 16, 18, 37",1.16,"10, 17, 19, 27, 28, 33, 34",1.158,"2, 4, 8, 9, 15, 22, 25",0.914,,,,
2013-12-20,"12, 13, 14, 15, 16, 18, 37",1.204,"7, 10, 19, 27, 28, 33, 34",1.055,"2, 3, 8, 9, 13, 19, 29",0.944,,,,
2013-12-27,"12, 13, 14, 15, 16, 18, 37",1.202,"10, 17, 19, 27, 30, 33, 34",1.168,"2, 4, 8, 9, 15, 22, 25",0.944,,,,
2014-01-10,"10, 13, 17, 19, 23, 28, 30",1.206,"2, 4, 8, 9, 15, 22, 25",0.954,"12, 13, 14, 15, 16, 18, 37",1.206,,,,
2014-01-17,"10, 15, 17, 19, 23, 30, 34",1.204,"12, 13, 14, 15, 16, 18, 37",1.204,"2, 4, 8, 9, 15, 22, 25",0.966,,,,
2014-01-24,"12, 13, 14, 15, 16, 18, 37",1.222,"7, 10, 19, 23, 28, 33, 34",1.091,"2, 4, 8, 9, 15, 22, 25",0.994,,,,
2014-01-31,"10, 13, 15, 17, 23, 33, 34",1.252,"2, 3, 8, 9, 13, 19, 29",1.002,"12, 13, 14, 15, 16, 18, 37",1.24,,,,
2014-02-07,"12, 13, 14, 15, 16, 18, 37",1.254,"7, 10, 17, 27, 28, 30, 34",1.096,"2, 4, 8, 9, 15, 22, 25",1.013,,,,
2014-02-14,"12, 13, 14, 15, 16, 18, 37",1.262,"7, 10, 17, 19, 27, 30, 34",1.125,"2, 4, 8, 9, 15, 22, 25",1.021,,,,
2014-02-21,"12, 13, 14, 15, 16, 18, 37",1.282,"7, 10, 17, 23, 27, 30, 33",1.134,"2, 3, 8, 9, 13, 19, 29",1.046,,,,
2014-02-28,"12, 13, 14, 15, 16, 18, 37",1.29,"5, 17, 23, 27, 28, 30, 33",1.174,"2, 4, 8, 9, 15, 22, 25",1.051,,,,
2014-03-07,"12, 13, 14, 15, 16, 18, 37",1.306,"5, 17, 19, 23, 27, 30, 34",1.161,"2, 4, 8, 9, 15, 22, 25",1.058,,,,
2014-03-14,"15, 19, 23, 27, 28, 33, 34",1.31,"12, 13, 14, 15, 16, 18, 37",1.306,"2, 4, 8, 9, 15, 22, 25",1.056,,,,
2014-03-21,"12, 13, 14, 15, 16, 18, 37",1.33,"7, 17, 23, 27, 28, 30, 34",1.199,"2, 3, 8, 9, 13, 19, 29",1.08,,,,
2014-03-28,"12, 13, 14, 15, 16, 18, 37",1.34,"4, 8, 9, 11, 15, 22, 25",1.246,"2, 3, 6, 7, 12, 27, 32",1.102,,,,
2014-04-04,"12, 13, 14, 15, 16, 18, 37",1.34,"2, 4, 8, 9, 22, 25, 35",1.11,"2, 4, 6, 14, 23, 27, 33",1.112,,,,
2014-04-11,"12, 13, 14, 15, 16, 18, 37",1.34,"2, 4, 8, 9, 22, 25, 28",1.12,"2, 4, 6, 18, 22, 26, 29",1.118,,,,
2014-04-18,"12, 13, 14, 15, 16, 18, 37",1.378,"2, 4, 9, 22, 25, 26, 33",1.138,"1, 4, 6, 7, 16, 17, 35",1.13,,,,
2014-04-25,"8, 9, 22, 24, 25, 27, 37",1.418,"12, 13, 14, 15, 16, 18, 37",1.404,"2, 4, 6, 18, 22, 26, 29",1.136,,,,
2014-05-02,"12, 13, 14, 15, 16, 18, 37",1.422,"2, 4, 8, 9, 11, 22, 30",1.16,"1, 4, 6, 7, 16, 17, 35",1.144,,,,
2014-05-09,"12, 13, 14, 15, 16, 18, 37",1.424,"1, 4, 8, 9, 20, 22, 25",1.166,"2, 3, 6, 7, 12, 27, 32",1.142,,,,
2014-05-16,"12, 13, 14, 15, 16, 18, 37",1.446,"2, 4, 8, 9, 22, 23, 25",1.165,"1, 4, 6, 7, 16, 17, 35",1.178,,,,
2014-05-23,"12, 13, 14, 15, 16, 18, 37",1.446,"2, 4, 8, 9, 17, 22, 25",1.176,"2, 3, 6, 7, 12, 27, 32",1.187,,,,
2014-05-30,"12, 13, 14, 15, 16, 18, 37",1.474,"2, 4, 8, 9, 22, 23, 25",1.187,"1, 4, 6, 7, 16, 17, 35",1.216,,,,
2014-06-06,"12, 13, 14, 15, 16, 18, 37",1.506,"4, 8, 9, 15, 22, 25, 30",1.372,"2, 3, 6, 7, 12, 27, 32",1.206,,,,
2014-06-13,"12, 13, 14, 15, 16, 18, 37",1.526,"4, 8, 9, 15, 22, 25, 28",1.372,"2, 3, 6, 7, 12, 27, 32",1.206,,,,
2014-06-20,"12, 13, 14, 15, 16, 18, 37",1.54,"2, 4, 8, 9, 22, 25, 33",1.224,"2, 3, 6, 7, 12, 27, 32",1.234,,,,
2014-06-27,"12, 13, 14, 15, 16, 18, 37",1.536,"4, 8, 9, 15, 22, 25, 28",1.406,"2, 3, 6, 7, 12, 27, 32",1.237,,,,
2014-07-04,"12, 13, 14, 15, 16, 18, 37",1.552,"2, 8, 9, 15, 22, 25, 31",1.384,"1, 4, 6, 7, 16, 17, 35",1.251,,,,
2014-07-11,"12, 13, 14, 15, 16, 18, 37",1.56,"4, 8, 9, 15, 17, 22, 25",1.44,"1, 3, 8, 15, 16, 22, 33",1.262,,,,
2014-07-18,"12, 13, 14, 15, 16, 18, 37",1.58,"2, 4, 8, 9, 19, 22, 25",1.278,"1, 4, 6, 7, 16, 17, 35",1.274,,,,
2014-07-25,"8, 9, 15, 22, 25, 27, 28",1.628,"1, 4, 6, 7, 16, 17, 35",1.294,"12, 13, 14, 15, 16, 18, 37",1.604,,,,
2014-08-01,"12, 13, 14, 15, 16, 18, 37",1.632,"2, 4, 7, 8, 9, 22, 25",1.31,"1, 4, 6, 7, 16, 17, 35",1.299,,,,
2014-08-08,"8, 9, 15, 22, 24, 25, 29",1.656,"12, 13, 14, 15, 16, 18, 37",1.64,"2, 5, 13, 20, 22, 25, 35",1.314,,,,
2014-08-15,"8, 9, 15, 20, 22, 25, 31",1.668,"12, 13, 14, 15, 16, 18, 37",1.646,"2, 4, 9, 10, 15, 22, 25",1.347,,,,
2014-08-22,"8, 9, 12, 15, 22, 25, 37",1.672,"1, 4, 6, 7, 16, 17, 35",1.336,"2, 4, 6, 15, 27, 31, 34",1.331,,,,
2014-08-29,"12, 13, 14, 15, 16, 18, 37",1.678,"2, 4, 8, 9, 20, 22, 25",1.336,"2, 3, 6, 15, 19, 29, 32",1.336,,,,
2014-09-05,"12, 13, 14, 15, 16, 18, 37",1.704,"2, 4, 8, 9, 22, 25, 35",1.346,"2, 3, 6, 7, 12, 27, 32",1.344,,,,
2014-09-12,"12, 13, 14, 15, 16, 18, 37",1.748,"2, 4, 8, 9, 22, 24, 25",1.349,"2, 3, 6, 15, 19, 29, 32",1.347,,,,
2014-09-19,"12, 13, 14, 15, 16, 18, 37",1.76,"2, 8, 9, 15, 22, 25, 35",1.561,"1, 4, 6, 7, 16, 17, 35",1.381,,,,
2014-09-26,"12, 13, 14, 15, 16, 18, 37",1.774,"2, 4, 8, 9, 22, 25, 32",1.382,"1, 4, 7, 9, 15, 18, 22",1.382,,,,
2014-10-03,"12, 13, 14, 15, 16, 18, 37",1.77,"4, 8, 9, 15, 22, 25, 29",1.579,"2, 3, 6, 15, 19, 29, 32",1.392,,,,
2014-10-10,"12, 13, 14, 15, 16, 18, 37",1.776,"4, 8, 9, 15, 22, 25, 26",1.577,"2, 3, 6, 15, 19, 29, 32",1.403,,,,
2014-10-17,"12, 13, 14, 15, 16, 18, 37",1.782,"2, 4, 8, 9, 17, 22, 25",1.419,"2, 3, 6, 15, 19, 29, 32",1.426,,,,
2014-10-24,"12, 13, 14, 15, 16, 18, 37",1.79,"8, 9, 15, 22, 24, 25, 30",1.778,"2, 4, 6, 15, 27, 31, 34",1.432,,,,
2014-10-31,"12, 13, 14, 15, 16, 18, 37",1.79,"2, 4, 8, 9, 22, 23, 25",1.432,"2, 3, 6, 7, 12, 27, 32",1.437,,,,
2014-11-07,"12, 13, 14, 15, 16, 18, 37",1.804,"2, 4, 8, 9, 21, 22, 25",1.45,"1, 4, 6, 7, 16, 17, 35",1.451,,,,
2014-11-14,"12, 13, 14, 15, 16, 18, 37",1.804,"4, 8, 9, 15, 22, 25, 34",1.631,"2, 3, 6, 7, 12, 27, 32",1.453,,,,
2014-11-21,"8, 9, 15, 22, 25, 32, 37",1.83,"1, 4, 6, 7, 16, 17, 35",1.464,"12, 13, 14, 15, 16, 18, 37",1.802,,,,
2014-11-28,"12, 13, 14, 15, 16, 18, 37",1.802,"2, 8, 9, 15, 21, 22, 25",1.669,"1, 4, 6, 7, 16, 17, 35",1.488,,,,
2014-12-05,"12, 13, 14, 15, 16, 18, 37",1.81,"2, 4, 8, 9, 22, 25, 27",1.49,"1, 4, 6, 7, 16, 17, 35",1.49,,,,
2014-12-12,"12, 13, 14, 15, 16, 18, 37",1.844,"2, 4, 8, 9, 22, 23, 25",1.51,"2, 3, 6, 7, 12, 27, 32",1.502,,,,
2014-12-19,"12, 13, 14, 15, 16, 18, 37",1.868,"2, 4, 8, 9, 22, 25, 28",1.547,"2, 4, 6, 18, 22, 26, 29",1.526,,,,
2014-12-26,"12, 13, 14, 15, 16, 18, 37",1.872,"4, 8, 9, 15, 22, 25, 26",1.737,"2, 4, 6, 18, 22, 26, 29",1.528,,,,
2015-01-09,"12, 13, 14, 15, 16, 18, 37",1.932,"4, 8, 9, 15, 22, 25, 36",1.751,"2, 4, 6, 18, 22, 26, 29",1.549,,,,
2015-01-16,"12, 13, 14, 15, 16, 18, 37",1.954,"4, 8, 9, 15, 22, 25, 29",1.775,"2, 5, 13, 20, 22, 25, 35",1.566,,,,
2015-01-23,"12, 13, 14, 15, 16, 18, 37",1.956,"2, 4, 9, 22, 25, 33, 35",1.579,"4, 8, 9, 15, 22, 25, 29",1.798,,,,
2015-01-30,"8, 9, 15, 21, 22, 25, 29",1.984,"12, 13, 14, 15, 16, 18, 37",1.962,"2, 4, 9, 10, 11, 22, 25",1.598,,,,
2015-02-06,"12, 13, 14, 15, 16, 18, 37",1.972,"2, 4, 8, 9, 22, 25, 36",1.59,"2, 3, 6, 15, 19, 29, 32",1.587,,,,
2015-02-13,"12, 13, 14, 15, 16, 18, 37",1.996,"2, 4, 8, 9, 22, 25, 32",1.606,"2, 5, 13, 20, 22, 25, 35",1.597,,,,
2015-02-20,"8, 9, 12, 15, 22, 25, 27",2.028,"2, 4, 6, 18, 22, 26, 29",1.6,"12, 13, 14, 15, 16, 18, 37",2.002,,,,
2015-02-27,"12, 13, 14, 15, 16, 18, 37",2.032,"2, 4, 8, 9, 22, 24, 25",1.64,"2, 5, 13, 20, 22, 25, 35",1.629,,,,
2015-03-06,"12, 13, 14, 15, 16, 18, 37",2.036,"4, 8, 9, 11, 15, 22, 25",1.863,"2, 5, 13, 20, 22, 25, 35",1.642,,,,
2015-03-13,"12, 13, 14, 15, 16, 18, 37",2.042,"4, 8, 9, 15, 22, 25, 26",1.852,"2, 5, 13, 20, 22, 25, 35",1.654,,,,
2015-03-20,"12, 13, 14, 15, 16, 18, 37",2.05,"3, 7, 10, 20, 24, 30, 32",1.805,"1, 4, 8, 9, 22, 23, 25",1.669,,,,
2015-03-27,"12, 13, 14, 15, 16, 18, 37",2.086,"2, 8, 9, 22, 23, 25, 28",1.904,"5, 7, 14, 20, 24, 30, 32",1.813,,,,
2015-04-03,"8, 9, 22, 23, 25, 32, 37",2.11,"3, 7, 10, 13, 14, 20, 24",1.827,"12, 13, 14, 15, 16, 18, 37",2.086,,,,
2015-04-10,"12, 13, 14, 15, 16, 18, 37",2.092,"2, 8, 9, 22, 23, 25, 35",1.937,"3, 10, 18, 20, 30, 32, 35",1.82,,,,
2015-04-17,"12, 13, 14, 15, 16, 18, 37",2.13,"2, 8, 9, 22, 23, 25, 26",1.931,"3, 7, 13, 20, 24, 30, 32",1.845,,,,
2015-04-24,"12, 13, 14, 15, 16, 18, 37",2.132,"4, 8, 9, 22, 23, 25, 35",1.948,"3, 7, 10, 20, 24, 30, 35",1.883,,,,
2015-05-01,"12, 13, 14, 15, 16, 18, 37",2.138,"2, 8, 9, 11, 22, 23, 25",1.955,"6, 7, 10, 18, 20, 24, 35",1.897,,,,
2015-05-08,"12, 13, 14, 15, 16, 18, 37",2.158,"2, 4, 8, 9, 17, 22, 23",1.754,"3, 7, 10, 14, 20, 24, 35",1.903,,,,
2015-05-15,"12, 13, 14, 15, 16, 18, 37",2.156,"4, 8, 9, 11, 22, 23, 25",1.966,"2, 7, 10, 13, 20, 32, 35",1.928,,,,
2015-05-22,"7, 10, 18, 20, 24, 30, 32",2.166,"4, 8, 9, 15, 22, 23, 25",1.962,"12, 13, 14, 15, 16, 18, 37",2.158,,,,
2015-05-29,"12, 13, 14, 15, 16, 18, 37",2.17,"4, 8, 9, 17, 22, 23, 25",1.994,"2, 3, 7, 12, 20, 24, 35",1.784,,,,
2015-06-05,"13, 14, 20, 30, 32, 35, 37",2.174,"2, 8, 9, 16, 22, 23, 25",1.998,"5, 7, 10, 18, 24, 30, 32",1.957,"7, 8, 9, 24, 25, 28, 30",1.0,,
2015-06-12,"7, 18, 20, 24, 30, 32, 37",2.196,"2, 8, 9, 22, 23, 25, 35",2.021,"12, 13, 14, 15, 16, 18, 37",2.194,"7, 8, 9, 24, 25, 28, 30",1.0,,
2015-06-19,"12, 13, 14, 15, 16, 18, 37",2.216,"2, 8, 9, 22, 23, 25, 27",2.021,"5, 7, 10, 18, 20, 24, 30",1.985,"7, 8, 9, 24, 25, 28, 30",1.0,,
2015-06-26,"7, 10, 13, 20, 24, 35, 37",2.248,"4, 8, 9, 22, 23, 25, 27",2.048,"12, 13, 14, 15, 16, 18, 37",2.242,"7, 8, 9, 24, 25, 28, 30",1.0,,
2015-07-03,"12, 13, 14, 15, 16, 18, 37",2.264,"2, 4, 8, 9, 22, 25, 33",1.838,"6, 7, 10, 14, 24, 30, 32",2.034,"7, 8, 9, 24, 25, 28, 30",1.0,,
2015-07-10,"12, 13, 14, 15, 16, 18, 37",2.27,"2, 4, 8, 9, 23, 25, 31",1.861,"6, 7, 20, 24, 32, 35, 37",2.048,"7, 8, 9, 24, 25, 28, 30",1.0,,
2015-07-17,"7, 10, 13, 20, 30, 32, 35",2.286,"4, 8, 9, 15, 22, 23, 25",2.092,"12, 13, 14, 15, 16, 18, 37",2.28,"7, 8, 9, 24, 25, 28, 30",1.0,,
2015-07-24,"13, 14, 20, 24, 30, 35, 37",2.31,"2, 4, 8, 9, 22, 25, 27",1.867,"12, 13, 14, 15, 16, 18, 37",2.284,"7, 8, 9, 24, 25, 28, 30",1.0,,
2015-07-31,"7, 13, 14, 24, 30, 32, 37",2.312,"2, 8, 9, 20, 21, 22, 25",2.099,"12, 13, 14, 15, 16, 18, 37",2.31,"7, 8, 9, 24, 25, 28, 30",1.0,,
2015-08-07,"12, 13, 14, 15, 16, 18, 37",2.362,"2, 8, 9, 22, 23, 25, 29",2.124,"6, 7, 10, 14, 20, 24, 30",2.092,"7, 8, 9, 24, 25, 28, 30",1.0,,
2015-08-14,"12, 13, 14, 15, 16, 18, 37",2.388,"2, 8, 9, 10, 22, 23, 25",2.135,"3, 7, 14, 20, 24, 32, 37",2.099,"7, 8, 9, 24, 25, 28, 30",1.0,,
2015-08-21,"12, 13, 14, 15, 16, 18, 37",2.396,"2, 4, 8, 9, 23, 25, 28",1.922,"10, 20, 24, 30, 32, 35, 37",2.348,"7, 8, 9, 24, 25, 28, 30",1.0,,
2015-08-28,"12, 13, 14, 15, 16, 18, 37",2.398,"2, 8, 9, 17, 22, 23, 25",2.146,"5, 7, 10, 24, 30, 32, 37",2.108,"7, 8, 9, 24, 25, 28, 30",1.0,,
2015-09-04,"12, 13, 14, 15, 16, 18, 37",2.412,"2, 4, 8, 9, 22, 25, 36",1.95,"5, 7, 10, 14, 24, 30, 35",2.106,"7, 8, 9, 24, 25, 28, 30",1.0,,
2015-09-11,"12, 13, 14, 15, 16, 18, 37",2.422,"2, 4, 8, 9, 22, 25, 32",1.939,"6, 7, 13, 20, 24, 30, 35",2.117,"7, 8, 9, 24, 25, 28, 30",1.0,,
2015-09-18,"12, 13, 14, 15, 16, 18, 37",2.444,"5, 8, 9, 19, 22, 23, 25",2.173,"2, 7, 10, 13, 24, 30, 35",2.149,"7, 8, 9, 24, 25, 28, 30",1.0,,
2015-09-25,"12, 13, 14, 15, 16, 18, 37",2.472,"4, 8, 9, 22, 23, 25, 27",2.201,"2, 7, 10, 14, 24, 30, 32",2.151,"7, 8, 9, 24, 25, 28, 30",1.0,,
2015-10-02,"12, 13, 14, 15, 16, 18, 37",2.472,"4, 8, 9, 17, 22, 23, 25",2.218,"2, 10, 18, 20, 24, 30, 32",2.176,"7, 8, 9, 24, 25, 28, 30",1.0,,
2015-10-09,"12, 13, 14, 15, 16, 18, 37",2.468,"2, 8, 9, 22, 23, 25, 30",2.232,"5, 7, 14, 20, 24, 32, 35",2.2,"7, 8, 9, 24, 25, 28, 30",1.0,,
2015-10-16,"12, 13, 14, 15, 16, 18, 37",2.47,"4, 8, 9, 22, 23, 25, 30",2.252,"3, 7, 10, 13, 20, 24, 32",2.209,"7, 8, 9, 24, 25, 28, 30",1.0,,
2015-10-23,"12, 13, 14, 15, 16, 18, 37",2.478,"4, 8, 9, 10, 22, 23, 25",2.255,"3, 7, 14, 20, 24, 30, 32",2.228,"7, 8, 9, 24, 25, 28, 30",1.0,,
2015-10-30,"12, 13, 14, 15, 16, 18, 37",2.504,"4, 8, 9, 17, 22, 23, 25",2.264,"5, 7, 10, 13, 24, 32, 35",2.237,"7, 8, 9, 24, 25, 28, 30",1.0,,
2015-11-06,"12, 13, 14, 15, 16, 18, 37",2.53,"2, 8, 9, 22, 23, 25, 26",2.248,"3, 7, 14, 20, 24, 30, 32",2.273,"7, 8, 9, 24, 25, 28, 30",1.0,,
2015-11-13,"12, 13, 14, 15, 16, 18, 37",2.53,"4, 8, 9, 22, 23, 25, 29",2.275,"5, 7, 10, 18, 20, 32, 35",2.263,"7, 8, 9, 24, 25, 28, 30",1.0,,
2015-11-20,"12, 13, 14, 15, 16, 18, 37",2.554,"4, 8, 9, 22, 23, 25, 34",2.322,"3, 7, 10, 13, 20, 30, 32",2.308,"7, 8, 9, 24, 25, 28, 30",1.0,,
2015-11-27,"7, 10, 13, 20, 30, 32, 37",2.58,"4, 8, 9, 22, 23, 24, 25",2.322,"12, 13, 14, 15, 16, 18, 37",2.568,"7, 8, 9, 24, 25, 28, 30",1.0,,
2015-12-04,"7, 13, 14, 20, 30, 32, 37",2.586,"4, 8, 9, 22, 23, 24, 25",2.335,"12, 13, 14, 15, 16, 18, 37",2.57,"7, 8, 9, 24, 25, 28, 30",1.0,,
2015-12-11,"10, 14, 20, 30, 32, 35, 37",2.6,"2, 8, 9, 22, 23, 25, 33",2.338,"12, 13, 14, 15, 16, 18, 37",2.572,"7, 8, 9, 24, 25, 28, 30",1.0,,
2015-12-18,"12, 13, 14, 15, 16, 18, 37",2.61,"4, 8, 9, 19, 22, 23, 25",2.358,"7, 10, 24, 30, 32, 35, 37",2.592,"7, 8, 9, 24, 25, 28, 30",1.0,,
2015-12-25,"12, 13, 14, 15, 16, 18, 37",2.636,"4, 8, 9, 22, 23, 24, 25",2.356,"2, 7, 13, 20, 30, 32, 35",2.354,"7, 8, 9, 24, 25, 28, 30",1.0,,
2016-01-08,"12, 13, 14, 15, 16, 18, 37",2.64,"4, 8, 9, 17, 22, 23, 25",2.369,"7, 10, 20, 30, 32, 35, 37",2.63,"7, 8, 9, 24, 25, 28, 30",1.0,,
2016-01-15,"12, 13, 14, 15, 16, 18, 37",2.662,"2, 4, 8, 9, 17, 25, 30",2.13,"3, 6, 10, 20, 24, 30, 35",2.109,"7, 8, 9, 24, 25, 28, 30",1.0,,
2016-01-22,"12, 13, 14, 15, 16, 18, 37",2.664,"2, 8, 9, 22, 23, 25, 33",2.405,"3, 7, 10, 14, 24, 32, 35",2.372,"7, 8, 9, 24, 25, 28, 30",1.0,,
2016-01-29,"12, 13, 14, 15, 16, 18, 37",2.684,"2, 8, 9, 10, 22, 23, 25",2.435,"5, 7, 18, 24, 30, 32, 35",2.374,"7, 8, 9, 24, 25, 28, 30",1.0,,
2016-02-05,"12, 13, 14, 15, 16, 18, 37",2.692,"3, 7, 10, 20, 30, 32, 35",2.405,"2, 4, 9, 21, 22, 23, 25",2.154,"7, 8, 9, 24, 25, 28, 30",1.0,,
2016-02-12,"12, 13, 14, 15, 16, 18, 37",2.694,"4, 8, 9, 22, 23, 25, 34",2.459,"2, 7, 14, 18, 24, 30, 32",2.401,"7, 8, 9, 24, 25, 28, 30",1.0,,
2016-02-19,"12, 13, 14, 15, 16, 18, 37",2.722,"2, 8, 9, 22, 23, 25, 27",2.461,"3, 7, 10, 18, 20, 30, 32",2.426,"7, 8, 9, 24, 25, 28, 30",1.0,,
2016-02-26,"12, 13, 14, 15, 16, 18, 37",2.744,"4, 8, 9, 22, 23, 25, 27",2.47,"2, 14, 20, 24, 30, 32, 35",2.441,"7, 8, 9, 24, 25, 28, 30",1.0,,
2016-03-04,"12, 13, 14, 15, 16, 18, 37",2.748,"2, 4, 8, 9, 22, 23, 25",2.222,"5, 13, 20, 24, 30, 32, 35",2.444,"7, 8, 9, 24, 25, 28, 30",1.0,,
2016-03-11,"10, 15, 20, 23, 27, 28, 30",2.758,"1, 4, 11, 14, 18, 22, 25",2.229,"1, 3, 6, 12, 29, 35, 37",2.195,"7, 8, 9, 20, 24, 28, 30",1.0,,
2016-03-18,"7, 10, 20, 23, 27, 28, 30",2.491,"1, 4, 11, 14, 18, 22, 25",2.232,"1, 3, 6, 12, 29, 35, 37",2.197,"7, 8, 9, 20, 24, 28, 30",1.0,,
2016-04-08,"7, 10, 20, 23, 27, 28, 30",2.531,"12, 13, 14, 15, 16, 18, 37",2.256,"2, 3, 6, 8, 25, 33, 36",2.213,"7, 8, 9, 20, 24, 28, 30",1.0,,
2016-04-22,"7, 8, 24, 28, 29, 30, 32",2.549,"12, 13, 14, 15, 16, 18, 37",2.285,"2, 3, 6, 8, 25, 33, 36",2.237,"7, 8, 9, 20, 24, 28, 30",1.0,,
2016-04-29,"7, 10, 20, 23, 27, 28, 30",2.525,"12, 13, 14, 15, 16, 18, 37",2.285,"2, 3, 6, 8, 25, 33, 36",2.24,"7, 8, 9, 20, 24, 28, 30",1.0,,
2016-05-06,"7, 10, 20, 23, 27, 28, 30",2.552,"1, 3, 6, 12, 29, 35, 37",2.293,"1, 4, 11, 14, 18, 22, 25",2.259,"7, 8, 9, 20, 24, 28, 30",1.0,,
2016-05-13,"7, 10, 20, 23, 27, 28, 30",2.596,"12, 13, 14, 15, 16, 18, 37",2.307,"2, 3, 6, 8, 25, 33, 36",2.294,"7, 8, 9, 20, 24, 28, 30",1.0,,
2016-05-20,"7, 10, 20, 23, 27, 28, 30",2.59,"2, 3, 6, 8, 25, 33, 36",2.322,"12, 13, 14, 15, 16, 18, 37",2.31,"7, 8, 9, 20, 24, 28, 30",1.0,,
2016-05-27,"10, 15, 20, 23, 27, 28, 30",2.878,"2, 3, 6, 8, 25, 33, 36",2.326,"12, 13, 14, 15, 16, 18, 37",2.325,"7, 8, 9, 20, 24, 28, 30",1.0,,
2016-06-03,"10, 15, 20, 23, 27, 28, 30",2.896,"2, 3, 6, 8, 25, 33, 36",2.336,"12, 13, 14, 15, 16, 18, 37",2.347,"7, 8, 9, 20, 24, 28, 30",1.0,,
2016-06-10,"10, 15, 20, 23, 27, 28, 30",2.916,"2, 3, 6, 8, 25, 33, 36",2.349,"4, 9, 22, 24, 30, 32, 37",2.373,"7, 8, 9, 20, 24, 28, 30",1.0,,
2016-06-17,"10, 15, 20, 23, 27, 28, 30",2.932,"1, 3, 6, 12, 29, 35, 37",2.371,"1, 4, 11, 14, 18, 22, 25",2.342,"7, 8, 9, 20, 24, 28, 30",1.0,,
2016-06-24,"10, 15, 20, 23, 27, 28, 30",2.96,"1, 3, 6, 12, 29, 35, 37",2.371,"1, 4, 11, 14, 18, 22, 25",2.37,"7, 8, 9, 20, 24, 28, 30",1.0,,
2016-07-01,"10, 15, 20, 23, 27, 28, 30",2.978,"1, 3, 6, 12, 29, 35, 37",2.398,"1, 4, 11, 14, 18, 22, 25",2.373,"7, 8, 9, 20, 24, 28, 30",1.0,,
2016-07-08,"6, 10, 15, 23, 27, 28, 30",2.986,"1, 4, 11, 14, 18, 22, 25",2.387,"2, 3, 6, 7, 17, 26, 31",2.114,"7, 8, 9, 20, 24, 28, 30",1.0,,
2016-07-29,"10, 15, 20, 23, 27, 28, 30",3.034,"1, 3, 6, 12, 29, 35, 37",2.44,"1, 4, 11, 14, 18, 22, 25",2.4,"7, 8, 9, 20, 24, 28, 30",1.0,,
2016-08-05,"10, 15, 20, 23, 27, 28, 30",3.058,"1, 3, 6, 12, 29, 35, 37",2.448,"1, 4, 11, 14, 18, 22, 25",2.405,"7, 8, 9, 20, 24, 28, 30",1.0,,
2016-08-19,"7, 10, 20, 23, 27, 28, 30",2.786,"1, 3, 6, 12, 29, 35, 37",2.443,"1, 4, 11, 14, 18, 22, 25",2.427,"7, 8, 9, 20, 24, 28, 30",1.0,,
2016-08-26,"10, 15, 20, 23, 27, 28, 30",3.114,"2, 3, 6, 8, 25, 33, 36",2.443,"12, 13, 14, 15, 16, 18, 37",2.464,"7, 8, 9, 20, 24, 28, 30",1.0,,
2016-09-16,"1, 15, 20, 27, 28, 30, 36",2.821,"2, 3, 5, 6, 22, 23, 34",2.199,"12, 13, 14, 15, 16, 18, 37",2.507,"7, 8, 9, 20, 24, 28, 30",1.0,,
2016-09-23,"7, 10, 15, 23, 27, 28, 30",2.815,"1, 3, 6, 12, 29, 35, 37",2.514,"1, 4, 11, 14, 18, 22, 25",2.509,"7, 8, 9, 20, 24, 28, 30",1.0,,
2016-09-30,"1, 10, 15, 20, 27, 28, 30",2.804,"2, 3, 6, 8, 25, 33, 36",2.514,"12, 13, 14, 15, 16, 18, 37",2.523,"7, 8, 9, 20, 24, 28, 30",1.0,,
2016-10-07,"4, 15, 20, 23, 27, 28, 30",2.84,"2, 3, 6, 8, 25, 33, 36",2.534,"12, 13, 14, 15, 16, 18, 37",2.526,"7, 8, 9, 20, 24, 28, 30",1.0,,
2016-10-14,"7, 10, 15, 23, 27, 28, 30",2.862,"1, 4, 11, 14, 18, 22, 25",2.55,"2, 3, 6, 8, 25, 33, 36",2.538,"7, 8, 9, 20, 24, 28, 30",1.0,,
2016-10-21,"7, 10, 20, 23, 27, 28, 30",2.885,"1, 4, 11, 14, 18, 22, 25",2.562,"2, 3, 6, 8, 25, 33, 36",2.539,"7, 8, 9, 20, 24, 28, 30",1.0,,
2016-10-28,"1, 10, 15, 20, 27, 28, 30",2.887,"2, 3, 6, 8, 25, 33, 36",2.566,"12, 13, 14, 15, 16, 18, 37",2.565,"7, 8, 9, 20, 24, 28, 30",1.0,,
2016-11-04,"1, 10, 15, 20, 23, 28, 30",2.911,"2, 3, 6, 8, 25, 33, 36",2.57,"12, 13, 14, 15, 16, 18, 37",2.597,"7, 8, 9, 20, 24, 28, 30",1.0,,
2016-11-18,"7, 10, 15, 23, 27, 28, 30",2.902,"1, 4, 11, 14, 18, 22, 25",2.622,"1, 3, 6, 12, 29, 35, 37",2.597,"7, 8, 9, 20, 24, 28, 30",1.0,,
2016-12-02,"1, 10, 20, 23, 27, 28, 30",2.93,"12, 13, 14, 15, 16, 18, 37",2.632,"2, 3, 6, 8, 25, 33, 36",2.63,"7, 8, 9, 20, 24, 28, 30",1.0,,
2016-12-09,"1, 8, 15, 20, 26, 30, 36",2.966,"2, 3, 7, 24, 25, 31, 32",2.33,"12, 13, 14, 15, 16, 18, 37",2.64,"7, 8, 9, 20, 24, 28, 30",1.0,,
2016-12-16,"1, 10, 15, 20, 23, 28, 30",2.957,"2, 3, 6, 8, 25, 33, 36",2.682,"12, 13, 14, 15, 16, 18, 37",2.661,"7, 8, 9, 20, 24, 28, 30",1.0,,
2016-12-30,"7, 10, 15, 20, 23, 27, 28",2.97,"2, 3, 6, 8, 25, 33, 36",2.698,"12, 13, 14, 15, 16, 18, 37",2.701,"7, 8, 9, 20, 24, 28, 30",1.0,,
2017-01-06,"1, 10, 15, 20, 27, 28, 30",2.975,"2, 3, 6, 8, 25, 33, 36",2.704,"12, 13, 14, 15, 16, 18, 37",2.698,"7, 8, 9, 20, 24, 28, 30",1.0,,
2017-01-13,"10, 15, 20, 23, 27, 28, 30",3.338,"2, 3, 6, 8, 25, 33, 36",2.725,"1, 4, 11, 14, 18, 22, 25",2.696,"7, 8, 9, 20, 24, 28, 30",1.0,,
2017-01-20,"7, 10, 20, 23, 27, 28, 30",3.031,"2, 3, 6, 8, 25, 33, 36",2.723,"12, 13, 14, 15, 16, 18, 37",2.699,"7, 8, 9, 20, 24, 28, 30",1.0,,
2017-01-27,"4, 8, 12, 22, 24, 28, 30",3.092,"1, 3, 6, 11, 14, 15, 27",2.72,"2, 3, 7, 24, 25, 31, 32",2.408,"7, 8, 9, 20, 24, 28, 30",1.0,,
2017-02-03,"7, 10, 20, 23, 27, 28, 30",3.074,"12, 13, 14, 15, 16, 18, 37",2.754,"2, 3, 6, 8, 25, 33, 36",2.744,"7, 8, 9, 20, 24, 28, 30",1.0,,
2017-02-24,"4, 7, 8, 13, 24, 28, 30",3.139,"12, 13, 14, 15, 16, 18, 37",2.789,"1, 3, 6, 21, 27, 30, 36",2.782,"7, 8, 9, 12, 24, 28, 30",1.0,,
2017-03-03,"4, 8, 9, 12, 24, 28, 30",3.159,"1, 2, 6, 17, 18, 31, 36",2.782,"12, 13, 14, 15, 16, 18, 37",2.787,"7, 8, 9, 12, 24, 28, 30",1.0,,
2017-03-10,"4, 8, 9, 24, 28, 30, 37",3.168,"1, 3, 6, 13, 24, 27, 32",2.808,"12, 13, 14, 15, 16, 18, 37",2.8,"7, 8, 9, 12, 24, 28, 30",1.0,,
2017-03-17,"4, 7, 8, 24, 26, 28, 30",3.155,"1, 2, 6, 17, 18, 31, 36",2.81,"12, 13, 14, 15, 16, 18, 37",2.806,"7, 8, 9, 12, 24, 28, 30",1.0,,
2017-03-24,"4, 7, 8, 18, 24, 28, 30",3.177,"1, 3, 6, 21, 27, 30, 36",2.829,"12, 13, 14, 15, 16, 18, 37",2.806,"7, 8, 9, 12, 24, 28, 30",1.0,,
2017-03-31,"4, 7, 8, 24, 28, 30, 31",3.208,"12, 13, 14, 15, 16, 18, 37",2.811,"2, 3, 4, 6, 19, 21, 34",2.832,"7, 8, 9, 12, 24, 28, 30",1.0,,
2017-04-07,"4, 6, 7, 8, 24, 25, 28",3.2,"12, 13, 14, 15, 16, 18, 37",2.808,"1, 3, 6, 21, 27, 30, 36",2.864,"7, 8, 9, 12, 24, 28, 30",1.0,,
2017-04-14,"4, 7, 8, 24, 28, 30, 31",3.227,"1, 3, 6, 15, 21, 26, 32",2.834,"12, 13, 14, 15, 16, 18, 37",2.816,"7, 8, 9, 12, 24, 28, 30",1.0,,
2017-04-21,"4, 7, 8, 24, 28, 30, 36",3.235,"1, 3, 6, 15, 21, 26, 32",2.85,"12, 13, 14, 15, 16, 18, 37",2.848,"7, 8, 9, 12, 24, 28, 30",1.0,,
2017-04-28,"4, 7, 8, 13, 24, 28, 30",3.244,"1, 2, 6, 17, 18, 31, 36",2.877,"1, 3, 6, 15, 21, 26, 32",2.869,"7, 8, 9, 12, 24, 28, 30",1.0,,
2017-05-05,"4, 7, 8, 24, 28, 30, 33",3.24,"1, 2, 6, 17, 18, 31, 36",2.899,"12, 13, 14, 15, 16, 18, 37",2.872,"7, 8, 9, 12, 24, 28, 30",1.0,,
2017-05-12,"1, 4, 6, 10, 12, 30, 32",3.247,"1, 3, 8, 13, 18, 19, 22",2.896,"2, 6, 7, 24, 25, 27, 32",2.901,"7, 8, 9, 12, 24, 28, 30",1.0,,
2017-05-19,"4, 7, 8, 24, 28, 29, 30",3.278,"1, 2, 6, 17, 18, 31, 36",2.906,"12, 13, 14, 15, 16, 18, 37",2.878,"7, 8, 9, 12, 24, 28, 30",1.0,,
2017-05-26,"4, 7, 8, 22, 24, 28, 30",3.285,"1, 2, 6, 17, 18, 31, 36",2.912,"12, 13, 14, 15, 16, 18, 37",2.902,"7, 8, 9, 12, 24, 28, 30",1.0,,
2017-06-02,"4, 7, 8, 13, 24, 28, 30",3.296,"1, 2, 6, 17, 18, 31, 36",2.941,"12, 13, 14, 15, 16, 18, 37",2.939,"7, 8, 9, 12, 24, 28, 30",1.0,,
2017-06-09,"1, 4, 6, 10, 12, 30, 32",3.296,"2, 3, 6, 18, 24, 35, 37",2.954,"4, 7, 8, 9, 13, 28, 30",2.933,"7, 8, 9, 12, 24, 28, 30",1.0,,
