抽せん日,本数字,ボーナス数字,回別
2013-04-05,07 10 12 17 23 28 34,03 15,第1回
2013-04-12,20 24 29 31 33 34 35,12 32,第2回
2013-04-19,02 07 08 11 14 23 31,05 15,第3回
2013-04-26,12 13 22 23 24 28 29,02 14,第4回
2013-05-03,01 03 04 05 16 21 28,22 31,第5回
2013-05-10,05 15 19 23 30 34 35,06 25,第6回
2013-05-17,01 03 05 07 27 29 33,06 15,第7回
2013-05-24,02 21 28 29 30 32 36,06 08,第8回
2013-05-31,03 04 15 23 27 30 36,13 35,第9回
2013-06-07,01 02 03 06 24 28 30,16 20,第10回
2013-06-14,09 15 26 29 32 34 36,14 35,第11回
2013-06-21,11 12 14 19 26 27 33,24 32,第12回
2013-06-28,06 10 16 21 27 28 35,15 34,第13回
2013-07-05,04 07 08 09 24 28 30,34 36,第14回
2013-07-12,02 10 14 17 23 25 35,08 29,第15回
2013-07-19,05 06 09 13 16 21 23,08 34,第16回
2013-07-26,02 03 05 22 34 36 37,07 15,第17回
2013-08-02,12 17 21 24 29 31 36,20 26,第18回
2013-08-09,02 14 19 20 21 22 31,01 15,第19回
2013-08-16,02 05 13 20 21 23 28,11 22,第20回
2013-08-23,01 09 13 15 25 30 33,19 28,第21回
2013-08-30,02 04 08 09 15 23 25,03 10,第22回
2013-09-06,04 08 11 25 28 29 30,14 32,第23回
2013-09-13,04 05 08 10 16 19 33,02 29,第24回
2013-09-20,01 06 11 16 17 18 21,10 24,第25回
2013-09-27,11 13 16 18 26 31 36,21 27,第26回
2013-10-04,01 10 11 14 17 18 28,25 26,第27回
2013-10-11,06 07 12 15 19 35 37,01 11,第28回
2013-10-18,02 03 16 17 24 26 28,15 31,第29回
2013-10-25,06 08 13 22 26 32 36,16 34,第30回
2013-11-01,09 12 13 19 23 33 34,20 32,第31回
2013-11-08,03 08 15 18 27 29 37,31 34,第32回
2013-11-15,01 04 17 24 29 33 36,19 30,第33回
2013-11-22,04 06 07 23 24 32 35,08 27,第34回
2013-11-29,01 16 18 19 25 30 34,26 36,第35回
2013-12-06,05 06 10 11 20 28 36,25 37,第36回
2013-12-13,07 08 10 13 14 19 37,29 33,第37回
2013-12-20,04 14 19 22 24 29 34,08 31,第38回
2013-12-27,07 13 19 23 25 26 30,01 18,第39回
2014-01-10,02 06 11 23 26 31 34,07 20,第40回
2014-01-17,02 03 08 15 34 35 36,25 28,第41回
2014-01-24,02 15 16 17 23 31 33,08 26,第42回
2014-01-31,04 06 07 08 24 31 37,05 13,第43回
2014-02-07,03 04 06 15 27 28 29,01 14,第44回
2014-02-14,01 02 09 18 21 27 33,25 31,第45回
2014-02-21,02 05 06 15 23 27 30,04 35,第46回
2014-02-28,02 09 11 14 20 21 36,06 15,第47回
2014-03-07,03 05 24 26 29 30 34,08 35,第48回
2014-03-14,08 11 12 17 24 26 27,14 21,第49回
2014-03-21,03 04 07 08 15 24 29,11 16,第50回
2014-03-28,01 04 05 08 20 23 35,15 33,第51回
2014-04-04,08 10 22 24 26 32 34,05 09,第52回
2014-04-11,01 04 14 16 20 33 36,12 30,第53回
2014-04-18,01 03 05 10 18 22 23,07 35,第54回
2014-04-25,04 12 14 17 23 30 36,13 33,第55回
2014-05-02,04 23 26 27 28 32 36,29 30,第56回
2014-05-09,05 06 12 16 17 20 33,08 32,第57回
2014-05-16,01 06 07 08 23 32 33,11 34,第58回
2014-05-23,05 08 12 13 21 30 35,27 34,第59回
2014-05-30,03 07 09 15 16 23 34,05 33,第60回
2014-06-06,05 10 11 21 28 31 37,13 14,第61回
2014-06-13,04 10 12 15 27 32 33,09 16,第62回
2014-06-20,04 08 19 24 28 30 32,12 37,第63回
2014-06-27,04 15 16 17 20 29 36,19 26,第64回
2014-07-04,04 07 12 22 23 24 28,25 34,第65回
2014-07-11,01 11 25 28 31 33 37,03 20,第66回
2014-07-18,07 11 15 17 18 25 35,06 33,第67回
2014-07-25,02 07 13 15 24 34 35,12 23,第68回
2014-08-01,13 17 20 22 28 29 37,11 12,第69回
2014-08-08,09 10 18 21 27 33 35,04 11,第70回
2014-08-15,01 06 13 29 34 35 37,02 15,第71回
2014-08-22,11 12 18 19 20 31 32,09 21,第72回
2014-08-29,12 16 23 25 27 30 32,28 33,第73回
2014-09-05,05 13 14 15 16 24 31,09 11,第74回
2014-09-12,04 09 15 17 19 35 37,10 20,第75回
2014-09-19,04 13 18 29 32 34 36,24 33,第76回
2014-09-26,03 10 23 25 26 28 30,15 29,第77回
2014-10-03,05 06 10 14 24 28 36,07 20,第78回
2014-10-10,02 04 07 09 21 29 37,06 36,第79回
2014-10-17,02 05 10 18 21 24 27,25 34,第80回
2014-10-24,01 03 10 18 28 31 35,09 21,第81回
2014-10-31,01 03 16 20 25 27 34,18 37,第82回
2014-11-07,01 11 21 26 28 32 35,18 22,第83回
2014-11-14,08 16 23 28 29 35 36,12 37,第84回
2014-11-21,06 07 10 11 22 26 35,14 23,第85回
2014-11-28,03 10 20 21 22 26 30,24 35,第86回
2014-12-05,08 09 12 18 20 28 31,13 15,第87回
2014-12-12,03 04 10 14 25 29 30,18 19,第88回
2014-12-19,01 03 11 26 28 34 36,17 20,第89回
2014-12-26,02 08 09 13 14 18 37,11 25,第90回
2015-01-09,01 05 07 14 15 25 35,18 24,第91回
2015-01-16,04 05 15 25 26 29 32,11 27,第92回
2015-01-23,02 05 11 14 17 30 32,31 37,第93回
2015-01-30,13 19 20 27 28 29 30,26 36,第94回
2015-02-06,01 08 13 14 18 30 34,26 36,第95回
2015-02-13,09 11 14 21 22 23 24,10 36,第96回
2015-02-20,07 13 14 16 22 24 35,01 29,第97回
2015-02-27,03 09 11 13 19 25 33,10 30,第98回
2015-03-06,13 17 22 24 27 28 35,11 19,第99回
2015-03-13,01 02 11 16 25 35 36,09 14,第100回
2015-03-20,11 12 21 23 28 36 37,03 16,第101回
2015-03-27,01 04 08 27 28 29 31,13 25,第102回
2015-04-03,02 03 11 12 22 35 36,30 34,第103回
2015-04-10,07 09 11 15 16 22 37,12 13,第104回
2015-04-17,03 15 19 20 26 28 33,17 21,第105回
2015-04-24,06 10 12 19 21 22 30,01 11,第106回
2015-05-01,03 08 09 13 17 27 33,29 31,第107回
2015-05-08,02 06 07 08 28 30 36,18 21,第108回
2015-05-15,06 17 20 21 24 30 32,07 23,第109回
2015-05-22,04 12 22 30 31 35 36,19 37,第110回
2015-05-29,07 08 09 24 28 30 33,01 34,第111回
2015-06-05,06 07 10 15 27 35 36,13 20,第112回
2015-06-12,04 06 07 09 15 17 37,14 20,第113回
2015-06-19,08 13 26 27 28 29 37,04 12,第114回
2015-06-26,06 08 13 14 20 25 27,24 26,第115回
2015-07-03,09 14 23 27 28 31 32,03 20,第116回
2015-07-10,09 10 20 28 31 34 37,23 26,第117回
2015-07-17,05 08 09 24 27 28 30,16 20,第118回
2015-07-24,03 06 08 14 15 25 36,24 35,第119回
2015-07-31,02 16 18 26 32 35 37,09 36,第120回
2015-08-07,02 04 13 16 21 30 37,19 29,第121回
2015-08-14,02 16 18 26 27 34 35,05 12,第122回
2015-08-21,01 03 05 08 29 34 36,23 28,第123回
2015-08-28,01 02 15 17 18 22 36,06 27,第124回
2015-09-04,01 06 11 14 19 28 35,18 21,第125回
2015-09-11,04 10 13 16 17 21 27,01 18,第126回
2015-09-18,10 12 15 23 28 30 35,06 25,第127回
2015-09-25,02 04 08 23 26 27 32,03 35,第128回
2015-10-02,05 07 11 19 24 27 30,29 35,第129回
2015-10-09,01 15 20 23 25 31 32,05 24,第130回
2015-10-16,03 04 12 17 32 34 36,23 31,第131回
2015-10-23,07 10 14 16 20 30 31,35 37,第132回
2015-10-30,03 07 13 15 17 21 30,14 27,第133回
2015-11-06,04 09 20 28 30 34 35,12 29,第134回
2015-11-13,08 09 13 14 24 32 34,03 04,第135回
2015-11-20,10 17 24 27 30 33 37,18 31,第136回
2015-11-27,13 19 21 25 27 32 35,16 20,第137回
2015-12-04,02 05 17 20 21 32 33,30 35,第138回
2015-12-11,09 16 18 21 23 34 35,04 36,第139回
2015-12-18,03 11 12 13 17 26 35,01 33,第140回
2015-12-25,02 10 18 30 31 32 36,21 29,第141回
2016-01-08,06 12 14 18 21 27 28,01 33,第142回
2016-01-15,01 03 08 14 28 29 33,04 31,第143回
2016-01-22,02 09 13 18 22 32 36,17 26,第144回
2016-01-29,10 12 18 28 29 30 35,04 19,第145回
2016-02-05,04 10 25 27 28 33 34,15 35,第146回
2016-02-12,01 05 07 12 15 24 25,08 14,第147回
2016-02-19,01 09 11 16 20 30 34,12 33,第148回
2016-02-26,01 04 15 19 22 23 31,12 32,第149回
2016-03-04,06 07 14 20 27 31 34,11 24,第150回
2016-03-11,09 10 13 15 21 22 24,04 08,第151回
2016-03-18,08 12 17 21 23 24 31,06 07,第152回
2016-03-25,07 09 10 16 20 28 37,02 33,第153回
2016-04-01,02 04 19 21 24 28 35,03 13,第154回
2016-04-08,02 09 13 18 22 24 26,10 37,第155回
2016-04-15,04 09 16 19 22 33 34,17 36,第156回
2016-04-22,05 09 16 26 28 29 32,01 37,第157回
2016-04-29,03 06 07 30 32 36 37,05 20,第158回
2016-05-06,10 14 17 21 23 27 31,16 24,第159回
2016-05-13,01 02 08 24 32 36 37,23 33,第160回
2016-05-20,08 14 17 18 20 22 34,04 30,第161回
2016-05-27,02 07 08 12 14 23 27,06 10,第162回
2016-06-03,01 02 06 16 28 30 31,03 07,第163回
2016-06-10,03 13 20 23 31 35 36,02 11,第164回
2016-06-17,09 11 14 15 16 18 27,06 20,第165回
2016-06-24,14 20 27 29 30 31 37,23 34,第166回
2016-07-01,01 03 05 07 10 26 36,19 37,第167回
2016-07-08,03 09 12 14 19 20 36,02 05,第168回
2016-07-15,01 05 10 20 21 28 30,25 26,第169回
2016-07-22,03 05 06 09 27 32 36,12 24,第170回
2016-07-29,01 02 06 21 23 27 28,11 16,第171回
2016-08-05,05 20 21 27 30 31 36,09 26,第172回
2016-08-12,07 09 19 22 24 27 30,04 28,第173回
2016-08-19,10 13 14 15 23 31 32,04 29,第174回
2016-08-26,06 17 21 31 33 35 37,14 18,第175回
2016-09-02,01 11 12 17 22 30 35,15 16,第176回
2016-09-09,09 15 19 23 25 34 36,02 35,第177回
2016-09-16,06 09 11 15 26 34 36,13 37,第178回
2016-09-23,04 09 12 13 22 26 36,05 33,第179回
2016-09-30,01 08 11 21 23 25 28,05 37,第180回
2016-10-07,07 08 10 13 19 23 24,15 27,第181回
2016-10-14,01 07 10 11 20 23 30,03 37,第182回
2016-10-21,06 15 20 26 33 34 37,19 29,第183回
2016-10-28,07 14 18 22 23 26 34,02 32,第184回
2016-11-04,01 02 04 16 26 29 34,11 12,第185回
2016-11-11,05 14 16 19 31 33 37,21 28,第186回
2016-11-18,04 06 10 23 24 32 36,15 31,第187回
2016-11-25,06 15 19 25 26 30 31,14 18,第188回
2016-12-02,03 07 08 10 18 23 35,01 19,第189回
2016-12-09,02 11 12 18 21 33 36,08 34,第190回
2016-12-16,08 15 21 24 26 27 29,07 30,第191回
2016-12-23,12 13 14 19 25 33 34,03 22,第192回
2016-12-30,04 06 20 21 22 24 31,09 10,第193回
2017-01-06,03 06 27 30 31 32 36,14 23,第194回
2017-01-13,04 07 12 20 23 24 31,26 35,第195回
2017-01-20,07 13 15 25 30 32 37,08 14,第196回
2017-01-27,06 08 10 12 16 21 28,14 23,第197回
2017-02-03,18 21 31 32 33 36 37,05 25,第198回
2017-02-10,01 09 17 20 22 28 29,13 16,第199回
2017-02-17,13 14 17 21 27 28 34,01 11,第200回
2017-02-24,08 11 17 24 28 31 32,12 34,第201回
2017-03-03,03 07 11 16 22 34 37,29 32,第202回
2017-03-10,06 13 17 22 32 33 36,12 28,第203回
2017-03-17,05 19 20 21 30 34 36,07 12,第204回
2017-03-24,04 05 19 31 35 36 37,27 32,第205回
2017-03-31,01 06 07 11 27 35 36,22 26,第206回
2017-04-07,04 05 10 13 28 32 33,19 26,第207回
2017-04-14,04 13 16 18 22 26 33,27 29,第208回
2017-04-21,03 04 06 13 22 31 36,28 34,第209回
2017-04-28,02 04 06 11 15 19 36,23 34,第210回
2017-05-05,07 15 22 25 31 32 35,29 36,第211回
2017-05-12,04 06 10 19 20 24 29,01 27,第212回
2017-05-19,05 13 15 18 19 24 35,20 23,第213回
2017-05-26,02 06 09 12 31 36 37,03 22,第214回
2017-06-02,11 12 13 21 29 36 37,07 09,第215回
2017-06-09,09 14 22 24 25 36 37,08 28,第216回
2017-06-16,04 06 26 27 28 35 36,24 34,第217回
2017-06-23,15 16 17 21 26 29 30,10 34,第218回
2017-06-30,06 09 13 14 21 25 31,02 04,第219回
2017-07-07,07 09 11 18 25 28 35,20 27,第220回
2017-07-14,01 02 09 11 17 30 35,13 36,第221回
2017-07-21,03 09 18 21 23 27 29,35 37,第222回
2017-07-28,10 13 19 21 26 33 34,24 25,第223回
2017-08-04,02 04 07 10 12 29 34,01 21,第224回
2017-08-11,13 15 17 18 20 21 26,25 29,第225回
2017-08-18,12 17 21 24 26 30 32,10 22,第226回
2017-08-25,02 03 07 09 22 23 26,29 30,第227回
2017-09-01,06 11 14 21 24 28 31,22 36,第228回
2017-09-08,02 03 09 30 33 36 37,01 32,第229回
2017-09-15,03 05 08 15 22 25 27,18 31,第230回
2017-09-22,04 15 18 24 25 34 36,10 26,第231回
2017-09-29,02 04 07 09 15 35 37,10 23,第232回
2017-10-06,03 13 17 25 26 27 29,08 37,第233回
2017-10-13,07 14 15 16 23 25 30,05 34,第234回
2017-10-20,02 09 13 18 21 33 34,03 11,第235回
2017-10-27,19 22 23 34 35 36 37,10 30,第236回
2017-11-03,03 04 07 19 20 21 29,08 33,第237回
2017-11-10,03 21 26 33 34 35 37,23 31,第238回
2017-11-17,08 13 17 21 23 28 37,01 14,第239回
2017-11-24,09 12 14 24 29 31 35,05 30,第240回
2017-12-01,05 11 12 19 21 26 28,04 20,第241回
2017-12-08,01 05 13 17 31 32 35,19 24,第242回
2017-12-15,06 09 13 18 20 22 30,11 14,第243回
2017-12-22,02 09 17 22 32 34 36,11 12,第244回
2017-12-29,02 08 09 11 24 26 27,07 36,第245回
2018-01-05,03 06 09 19 23 25 31,21 36,第246回
2018-01-12,10 12 13 16 34 35 36,11 37,第247回
2018-01-19,01 05 06 22 25 27 31,12 18,第248回
2018-01-26,09 20 28 29 31 34 37,05 25,第249回
2018-02-02,05 09 10 13 26 30 34,18 23,第250回
2018-02-09,01 15 20 26 28 34 37,23 30,第251回
2018-02-16,08 23 24 25 27 30 31,11 17,第252回
2018-02-23,06 07 09 12 15 17 24,26 29,第253回
2018-03-02,01 12 14 18 23 24 31,07 26,第254回
2018-03-09,01 04 11 13 15 21 32,05 10,第255回
2018-03-16,14 21 24 27 30 33 37,19 20,第256回
2018-03-23,05 15 16 26 27 32 35,23 28,第257回
2018-03-30,01 03 11 20 23 32 35,25 26,第258回
2018-04-06,05 06 15 19 22 29 32,04 31,第259回
2018-04-13,04 08 12 23 29 31 34,05 06,第260回
2018-04-20,04 14 15 17 21 23 26,07 08,第261回
2018-04-27,02 06 07 09 19 23 36,05 15,第262回
2018-05-04,01 05 11 16 27 35 36,06 14,第263回
2018-05-11,08 13 15 17 21 26 29,04 24,第264回
2018-05-18,12 13 15 19 21 24 36,10 37,第265回
2018-05-25,06 11 15 17 20 27 32,16 22,第266回
2018-06-01,08 13 18 20 23 25 26,06 28,第267回
2018-06-08,04 05 09 15 29 31 33,26 27,第268回
2018-06-15,01 09 15 24 31 33 36,02 26,第269回
2018-06-22,01 02 11 13 15 24 25,26 28,第270回
2018-06-29,01 09 15 16 19 32 35,14 31,第271回
2018-07-06,02 05 08 15 18 26 31,19 25,第272回
2018-07-13,13 15 21 23 26 32 34,05 09,第273回
2018-07-20,09 14 21 23 25 26 37,07 29,第274回
2018-07-27,08 09 15 19 24 25 35,34 37,第275回
2018-08-03,03 06 12 17 22 34 35,02 33,第276回
2018-08-10,06 07 09 11 21 23 25,01 22,第277回
2018-08-17,06 09 14 21 23 33 36,27 28,第278回
2018-08-24,07 11 15 17 19 23 31,09 37,第279回
2018-08-31,04 09 10 11 24 32 35,02 37,第280回
2018-09-07,01 02 17 19 20 22 26,30 36,第281回
2018-09-14,10 17 18 25 29 35 36,07 14,第282回
2018-09-21,13 14 15 17 23 29 31,10 19,第283回
2018-09-28,06 07 10 25 29 30 33,01 31,第284回
2018-10-05,11 15 21 26 30 34 35,04 36,第285回
2018-10-12,04 05 14 17 18 29 37,27 31,第286回
2018-10-19,02 07 10 20 24 29 34,04 08,第287回
2018-10-26,01 08 09 16 27 32 37,17 31,第288回
2018-11-02,02 07 10 12 16 17 34,23 25,第289回
2018-11-09,03 13 22 26 31 32 37,29 35,第290回
2018-11-16,01 11 18 19 21 29 37,05 15,第291回
2018-11-23,12 15 25 26 27 29 35,24 30,第292回
2018-11-30,11 13 15 20 27 29 35,01 07,第293回
2018-12-07,03 04 06 10 14 22 29,28 32,第294回
2018-12-14,04 05 06 08 09 22 32,13 26,第295回
2018-12-21,01 08 10 12 18 28 29,25 27,第296回
2018-12-28,02 03 11 16 23 28 36,08 24,第297回
2019-01-04,01 03 08 11 18 19 22,26 30,第298回
2019-01-11,01 06 10 13 16 26 36,28 30,第299回
2019-01-18,04 07 21 31 33 34 35,06 12,第300回
2019-01-25,04 11 12 25 27 30 33,05 19,第301回
2019-02-01,08 16 26 27 28 32 34,04 25,第302回
2019-02-08,04 07 14 17 21 34 37,10 30,第303回
2019-02-15,07 09 10 17 28 33 36,18 23,第304回
2019-02-22,06 17 23 24 27 28 31,10 18,第305回
2019-03-01,12 13 15 22 25 33 35,01 31,第306回
2019-03-08,05 08 15 24 25 32 35,20 26,第307回
2019-03-15,05 06 11 15 20 32 33,13 25,第308回
2019-03-22,01 07 13 14 16 21 22,18 34,第309回
2019-03-29,17 25 26 28 31 32 37,06 09,第310回
2019-04-05,09 11 18 24 26 27 37,30 33,第311回
2019-04-12,01 02 04 18 20 29 34,17 30,第312回
2019-04-19,09 13 16 23 28 29 30,01 20,第313回
2019-04-26,03 06 08 19 32 34 35,12 30,第314回
2019-05-03,03 11 18 26 30 33 37,28 31,第315回
2019-05-10,03 09 10 17 30 33 34,06 08,第316回
2019-05-17,07 08 14 15 16 20 29,18 19,第317回
2019-05-24,04 05 10 12 27 34 36,03 14,第318回
2019-05-31,02 06 14 23 28 31 35,19 27,第319回
2019-06-07,05 06 18 22 26 33 34,36 37,第320回
2019-06-14,15 24 27 28 29 34 35,09 25,第321回
2019-06-21,01 10 11 21 26 29 30,14 20,第322回
2019-06-28,11 14 15 21 26 34 36,23 27,第323回
2019-07-05,09 13 16 17 18 19 20,30 36,第324回
2019-07-12,04 14 17 18 21 31 33,06 20,第325回
2019-07-19,01 02 17 18 24 27 29,12 32,第326回
2019-07-26,01 03 13 14 16 30 31,02 17,第327回
2019-08-02,03 09 10 14 19 24 30,18 21,第328回
2019-08-09,03 10 19 20 26 28 30,15 25,第329回
2019-08-16,03 04 10 12 17 18 20,19 32,第330回
2019-08-23,05 07 11 12 15 18 20,19 30,第331回
2019-08-30,05 07 10 15 24 27 30,03 33,第332回
2019-09-06,01 04 10 11 16 24 34,30 32,第333回
2019-09-13,03 07 15 16 30 34 35,08 29,第334回
2019-09-20,09 10 17 18 22 25 35,13 14,第335回
2019-09-27,09 10 13 21 25 31 33,24 37,第336回
2019-10-04,05 07 10 12 14 24 35,11 33,第337回
2019-10-11,07 09 16 17 23 27 34,15 36,第338回
2019-10-18,11 15 18 20 23 25 32,09 37,第339回
2019-10-25,06 14 17 26 27 30 36,12 28,第340回
2019-11-01,04 11 17 27 29 31 36,19 24,第341回
2019-11-08,03 06 24 28 32 35 36,04 08,第342回
2019-11-15,17 19 22 29 30 31 32,11 16,第343回
2019-11-22,11 19 28 29 31 32 37,12 21,第344回
2019-11-29,06 09 10 18 28 31 32,24 35,第345回
2019-12-06,11 16 18 23 30 31 35,03 27,第346回
2019-12-13,03 06 11 13 18 20 34,25 35,第347回
2019-12-20,02 05 17 18 19 20 33,01 24,第348回
2019-12-27,04 10 11 15 18 22 34,16 32,第349回
2020-01-10,10 19 21 23 24 30 37,02 28,第350回
2020-01-17,08 13 17 19 23 25 28,05 16,第351回
2020-01-24,03 04 14 18 26 30 32,28 34,第352回
2020-01-31,11 15 22 23 24 29 33,19 34,第353回
2020-02-07,01 02 08 10 13 25 31,23 35,第354回
2020-02-14,04 06 09 10 23 27 33,14 31,第355回
2020-02-21,04 16 20 30 33 34 36,19 21,第356回
2020-02-28,05 08 12 13 14 24 30,27 35,第357回
2020-03-06,05 13 14 26 32 33 34,08 11,第358回
2020-03-13,04 07 11 17 19 26 35,01 24,第359回
2020-03-20,09 11 13 14 20 22 37,15 17,第360回
2020-03-27,05 09 16 20 29 33 35,02 08,第361回
2020-04-03,04 07 08 14 22 24 27,13 26,第362回
2020-04-10,13 15 17 22 26 34 36,03 19,第363回
2020-04-17,03 09 10 14 16 20 27,19 33,第364回
2020-04-24,01 04 13 14 16 22 35,10 23,第365回
2020-05-01,10 24 25 26 27 33 36,04 23,第366回
2020-05-08,08 14 19 20 29 30 31,07 35,第367回
2020-05-15,07 08 09 13 21 34 35,03 20,第368回
2020-05-22,01 07 09 11 15 31 34,06 33,第369回
2020-05-29,07 10 16 25 26 33 34,24 35,第370回
2020-06-05,01 03 04 08 11 21 25,12 23,第371回
2020-06-12,06 08 22 23 32 33 36,09 27,第372回
2020-06-19,02 03 17 18 22 23 31,04 30,第373回
2020-06-26,04 05 09 10 18 27 35,15 34,第374回
2020-07-03,13 15 18 19 23 27 32,34 35,第375回
2020-07-10,06 11 14 17 23 31 37,10 15,第376回
2020-07-17,06 07 10 17 25 33 36,27 32,第377回
2020-07-24,01 05 09 10 14 15 29,20 28,第378回
2020-07-31,03 08 15 22 24 29 35,18 26,第379回
2020-08-07,08 14 24 25 32 34 36,13 16,第380回
2020-08-14,04 08 25 26 27 31 32,09 22,第381回
2020-08-21,02 03 05 08 19 22 37,16 28,第382回
2020-08-28,08 11 15 22 26 28 30,10 20,第383回
2020-09-04,03 07 15 18 26 30 31,09 33,第384回
2020-09-11,04 12 14 24 29 34 35,05 15,第385回
2020-09-18,09 19 22 32 35 36 37,07 21,第386回
2020-09-25,03 07 13 22 30 32 37,14 15,第387回
2020-10-02,01 06 08 10 18 21 32,13 28,第388回
2020-10-09,01 06 11 13 18 24 27,17 23,第389回
2020-10-16,03 06 19 21 23 26 27,30 34,第390回
2020-10-23,10 23 27 32 33 35 37,24 26,第391回
2020-10-30,01 04 06 15 20 22 26,18 21,第392回
2020-11-06,07 14 15 22 27 30 31,09 32,第393回
2020-11-13,06 10 22 23 27 32 33,08 19,第394回
2020-11-20,01 02 05 20 26 29 32,08 09,第395回
2020-11-27,02 03 05 08 16 20 34,26 31,第396回
2020-12-04,04 12 13 15 21 28 37,07 20,第397回
2020-12-11,03 04 10 17 20 22 33,01 06,第398回
2020-12-18,07 15 19 20 21 33 36,04 10,第399回
2020-12-25,04 17 22 28 30 31 35,25 34,第400回
2021-01-08,04 05 09 14 18 30 35,01 33,第401回
2021-01-15,07 09 12 17 20 26 29,04 13,第402回
2021-01-22,02 06 08 12 19 20 29,05 26,第403回
2021-01-29,04 08 13 16 25 30 32,09 26,第404回
2021-02-05,03 10 16 17 24 32 36,11 29,第405回
2021-02-12,01 02 05 16 18 21 29,24 25,第406回
2021-02-19,19 21 25 26 28 30 31,09 16,第407回
2021-02-26,16 18 19 21 29 30 35,14 28,第408回
2021-03-05,13 15 16 24 30 31 37,12 33,第409回
2021-03-12,01 02 18 21 26 29 37,09 36,第410回
2021-03-19,04 11 12 21 23 27 36,09 14,第411回
2021-03-26,14 20 22 29 31 33 34,15 24,第412回
2021-04-02,03 10 16 18 19 34 35,27 36,第413回
2021-04-09,03 08 16 21 25 36 37,14 20,第414回
2021-04-16,04 08 12 13 23 32 37,16 35,第415回
2021-04-23,08 09 10 15 16 30 31,29 36,第416回
2021-04-30,04 05 13 18 23 27 32,09 11,第417回
2021-05-07,10 13 17 18 22 28 37,01 20,第418回
2021-05-14,03 11 14 21 26 29 34,22 33,第419回
2021-05-21,04 05 11 13 24 32 34,02 03,第420回
2021-05-28,09 15 18 26 28 32 37,21 36,第421回
2021-06-04,01 09 21 23 30 35 36,05 06,第422回
2021-06-11,01 07 09 11 29 31 32,02 06,第423回
2021-06-18,05 06 12 19 25 30 35,26 33,第424回
2021-06-25,02 09 14 20 22 34 35,07 24,第425回
2021-07-02,01 02 06 08 30 31 33,13 35,第426回
2021-07-09,11 13 26 27 31 33 37,09 18,第427回
2021-07-16,03 06 16 22 31 34 35,24 32,第428回
2021-07-23,06 11 14 27 30 32 35,18 24,第429回
2021-07-30,02 12 17 24 28 30 32,03 27,第430回
2021-08-06,07 11 12 17 19 20 26,02 03,第431回
2021-08-13,05 10 13 24 29 30 35,21 31,第432回
2021-08-20,14 17 20 25 32 33 36,10 34,第433回
2021-08-27,10 11 12 17 29 34 37,26 30,第434回
2021-09-03,03 05 07 11 15 17 25,13 32,第435回
2021-09-10,05 06 21 22 26 31 32,18 36,第436回
2021-09-17,08 10 14 15 23 25 26,01 11,第437回
2021-09-24,04 13 16 21 32 34 37,27 33,第438回
2021-10-01,01 03 06 09 26 29 31,14 18,第439回
2021-10-08,05 10 17 18 19 22 32,14 35,第440回
2021-10-15,15 21 22 23 27 28 37,08 25,第441回
2021-10-22,06 13 14 16 19 30 32,25 36,第442回
2021-10-29,01 05 08 26 28 32 36,23 24,第443回
2021-11-05,11 15 16 17 18 27 29,25 33,第444回
2021-11-12,04 22 25 27 28 30 33,02 03,第445回
2021-11-19,01 07 09 12 15 29 32,11 28,第446回
2021-11-26,03 05 08 13 26 30 37,25 28,第447回
2021-12-03,07 21 24 29 32 36 37,22 27,第448回
2021-12-10,02 21 26 27 32 33 34,08 09,第449回
2021-12-17,02 07 12 15 21 23 30,09 31,第450回
2021-12-24,02 15 22 25 28 33 37,10 17,第451回
2022-01-07,05 17 20 21 31 34 35,08 27,第452回
2022-01-14,02 08 10 21 24 26 35,09 13,第453回
2022-01-21,08 17 21 26 27 29 31,01 33,第454回
2022-01-28,01 05 08 15 18 26 36,33 34,第455回
2022-02-04,09 15 17 18 22 25 31,33 36,第456回
2022-02-11,07 14 19 27 31 35 36,09 33,第457回
2022-02-18,07 11 12 14 19 21 33,06 37,第458回
2022-02-25,02 04 07 08 10 20 29,14 33,第459回
2022-03-04,05 06 09 23 27 28 30,04 13,第460回
2022-03-11,02 13 19 22 32 35 37,14 33,第461回
2022-03-18,07 11 24 27 29 34 35,04 18,第462回
2022-03-25,03 07 13 16 19 24 30,06 10,第463回
2022-04-01,07 08 13 17 30 32 36,01 10,第464回
2022-04-08,01 04 05 13 27 31 35,15 22,第465回
2022-04-15,05 06 08 14 15 25 29,18 33,第466回
2022-04-22,07 08 11 13 14 26 30,31 34,第467回
2022-04-29,03 12 15 16 25 29 37,26 28,第468回
2022-05-06,01 06 08 13 16 30 33,23 28,第469回
2022-05-13,02 03 09 16 27 32 36,01 34,第470回
2022-05-20,03 05 07 08 11 19 34,17 32,第471回
2022-05-27,05 07 08 32 33 34 36,04 06,第472回
2022-06-03,06 11 21 24 28 33 37,08 27,第473回
2022-06-10,03 17 19 21 24 32 34,27 28,第474回
2022-06-17,01 02 22 24 26 31 37,12 19,第475回
2022-06-24,04 07 09 15 22 24 31,21 37,第476回
2022-07-01,02 05 09 19 25 32 37,07 29,第477回
2022-07-08,06 08 11 13 16 20 32,12 34,第478回
2022-07-15,08 11 13 18 24 30 31,21 23,第479回
2022-07-22,10 13 19 21 26 30 36,22 34,第480回
2022-07-29,01 10 13 14 16 25 27,05 21,第481回
2022-08-05,02 05 14 15 17 19 36,08 34,第482回
2022-08-12,02 11 20 23 25 36 37,29 34,第483回
2022-08-19,01 04 06 09 13 22 31,29 30,第484回
2022-08-26,04 06 17 20 22 24 26,08 09,第485回
2022-09-02,08 13 15 23 24 31 35,14 19,第486回
2022-09-09,09 10 13 15 26 34 37,22 36,第487回
2022-09-16,03 13 16 18 19 20 35,02 11,第488回
2022-09-23,03 06 07 15 25 29 31,08 14,第489回
2022-09-30,12 14 18 21 23 29 37,07 15,第490回
2022-10-07,03 14 17 21 22 32 35,06 30,第491回
2022-10-14,07 10 12 15 23 31 37,09 18,第492回
2022-10-21,05 13 14 20 21 25 31,09 36,第493回
2022-10-28,07 09 12 22 28 29 32,17 19,第494回
2022-11-04,02 16 19 20 22 33 36,06 32,第495回
2022-11-11,05 08 15 18 25 27 36,10 26,第496回
2022-11-18,18 20 24 26 27 30 33,17 19,第497回
2022-11-25,06 08 12 20 21 24 29,04 18,第498回
2022-12-02,05 09 14 18 27 32 34,06 12,第499回
2022-12-09,17 18 24 30 31 32 35,06 36,第500回
2022-12-16,01 02 04 07 12 14 31,30 33,第501回
2022-12-23,01 02 12 17 21 22 33,04 30,第502回
2022-12-30,05 07 08 13 23 26 33,31 37,第503回
2023-01-06,01 03 04 05 06 29 31,11 14,第504回
2023-01-13,09 10 12 15 16 28 36,01 23,第505回
2023-01-20,08 14 19 22 29 31 37,03 21,第506回
2023-01-27,04 19 25 26 30 32 36,01 15,第507回
2023-02-03,01 05 06 09 16 26 31,25 33,第508回
2023-02-10,10 14 22 26 27 32 33,20 37,第509回
2023-02-17,03 05 09 11 17 33 37,04 22,第510回
2023-02-24,01 09 14 24 28 36 37,16 31,第511回
2023-03-03,05 07 17 22 25 26 28,03 23,第512回
2023-03-10,01 04 10 13 15 19 37,16 20,第513回
2023-03-17,01 05 10 17 20 27 37,03 22,第514回
2023-03-24,03 15 17 22 26 27 28,06 08,第515回
2023-03-31,07 12 15 16 18 25 36,09 19,第516回
2023-04-07,03 06 10 16 26 29 31,07 24,第517回
2023-04-14,05 08 11 24 30 32 36,04 35,第518回
2023-04-21,01 02 08 14 17 21 34,20 26,第519回
2023-04-28,09 22 25 28 33 34 37,15 16,第520回
2023-05-05,21 24 25 27 30 33 36,03 31,第521回
2023-05-12,01 10 12 19 22 25 37,02 34,第522回
2023-05-19,03 17 19 27 28 32 35,02 34,第523回
2023-05-26,04 17 22 27 29 31 34,03 37,第524回
2023-06-02,11 14 17 18 21 25 31,01 27,第525回
2023-06-09,04 13 17 19 20 26 29,02 28,第526回
2023-06-16,04 08 12 25 27 32 34,15 17,第527回
2023-06-23,05 07 10 19 30 32 33,01 17,第528回
2023-06-30,07 09 13 14 22 26 29,10 21,第529回
2023-07-07,01 11 13 28 29 30 34,23 27,第530回
2023-07-14,04 06 09 11 14 28 30,10 12,第531回
2023-07-21,04 09 13 18 26 28 36,08 16,第532回
2023-07-28,02 04 09 11 14 25 37,29 32,第533回
2023-08-04,10 17 18 19 20 24 25,30 32,第534回
2023-08-11,05 11 12 19 29 32 36,09 26,第535回
2023-08-18,08 12 16 17 22 28 34,09 37,第536回
2023-08-25,02 03 09 13 14 35 37,04 17,第537回
2023-09-01,01 02 11 12 16 25 28,06 22,第538回
2023-09-08,04 06 08 18 20 27 35,24 26,第539回
2023-09-15,03 07 10 18 19 28 36,13 26,第540回
2023-09-22,06 14 23 25 27 28 34,19 37,第541回
2023-09-29,02 09 26 31 33 35 36,15 20,第542回
2023-10-06,02 11 13 18 23 24 36,17 26,第543回
2023-10-13,10 11 18 21 22 29 34,04 32,第544回
2023-10-20,03 12 16 17 27 30 34,15 37,第545回
2023-10-27,07 14 17 28 33 35 36,13 27,第546回
2023-11-03,04 11 14 18 23 25 29,17 32,第547回
2023-11-10,01 13 16 17 18 25 30,20 34,第548回
2023-11-17,13 19 20 28 33 34 35,04 32,第549回
2023-11-24,07 08 13 22 24 29 30,10 35,第550回
2023-12-01,15 16 17 22 29 32 37,23 24,第551回
2023-12-08,07 11 12 16 18 33 34,01 14,第552回
2023-12-15,02 06 13 15 16 20 33,09 28,第553回
2023-12-22,04 10 15 17 29 32 36,13 30,第554回
2023-12-29,09 12 17 19 26 32 34,11 22,第555回
2024-01-05,17 20 26 28 29 33 35,01 06,第556回
2024-01-12,03 05 07 10 17 18 35,02 21,第557回
2024-01-19,15 20 21 22 23 26 34,06 10,第558回
2024-01-26,03 04 10 13 15 18 22,02 16,第559回
2024-02-02,03 20 29 32 33 34 35,02 24,第560回
2024-02-09,06 08 19 20 27 32 37,13 33,第561回
2024-02-16,02 14 15 20 28 30 34,03 04,第562回
2024-02-23,01 04 06 14 16 19 31,12 18,第563回
2024-03-01,09 13 15 18 22 24 30,06 27,第564回
2024-03-08,03 06 09 11 19 30 36,01 33,第565回
2024-03-15,03 05 18 25 28 35 37,07 08,第566回
2024-03-22,06 08 16 18 19 34 37,15 30,第567回
2024-03-29,08 18 20 29 30 33 34,05 23,第568回
2024-04-05,12 15 17 22 30 34 35,05 09,第569回
2024-04-12,01 03 09 12 25 26 35,29 31,第570回
2024-04-19,13 26 27 29 30 34 37,02 23,第571回
2024-04-26,01 02 04 19 21 26 28,03 25,第572回
2024-05-03,11 12 18 19 23 26 31,15 25,第573回
2024-05-10,04 05 13 16 22 23 35,36 37,第574回
2024-05-17,02 12 18 20 25 28 30,09 23,第575回
2024-05-24,11 13 14 18 19 23 31,07 27,第576回
2024-05-31,11 13 19 25 29 36 37,18 30,第577回
2024-06-07,02 15 19 20 22 31 36,13 23,第578回
2024-06-14,07 19 23 33 34 35 36,05 10,第579回
2024-06-21,04 13 14 15 17 27 33,02 11,第580回
2024-06-28,03 08 10 15 18 23 37,17 24,第581回
2024-07-05,05 07 22 29 30 32 36,03 33,第582回
2024-07-12,01 05 08 09 20 30 37,11 26,第583回
2024-07-19,10 11 12 17 23 30 36,20 21,第584回
2024-07-26,06 11 13 14 16 27 34,12 25,第585回
2024-08-02,01 02 04 14 15 22 23,13 36,第586回
2024-08-09,15 18 21 22 23 25 32,01 30,第587回
2024-08-16,03 05 09 13 15 21 31,12 17,第588回
2024-08-23,01 06 08 09 14 29 33,05 23,第589回
2024-08-30,01 03 09 10 15 25 35,19 28,第590回
2024-09-06,04 07 08 11 21 23 35,10 24,第591回
2024-09-13,03 08 11 15 19 24 32,14 30,第592回
2024-09-20,03 08 09 14 15 22 32,01 12,第593回
2024-09-27,05 12 21 25 27 34 36,10 32,第594回
2024-10-04,14 15 16 19 25 28 33,06 12,第595回
2024-10-11,01 09 16 19 23 29 32,05 37,第596回
2024-10-18,02 04 14 15 22 27 34,01 05,第597回
2024-10-25,01 04 07 11 12 18 26,03 33,第598回
2024-11-01,04 07 16 19 26 31 33,25 29,第599回
2024-11-08,01 02 12 16 19 29 32,09 37,第600回
2024-11-15,04 08 18 20 29 35 37,19 34,第601回
2024-11-22,07 15 18 24 29 31 34,05 25,第602回
2024-11-29,04 09 10 23 28 30 34,18 31,第603回
2024-12-06,04 06 09 12 25 31 36,27 30,第604回
2024-12-13,02 08 15 26 28 31 32,19 24,第605回
2024-12-20,09 17 18 20 22 27 36,25 37,第606回
2024-12-27,12 14 20 27 31 34 37,19 21,第607回
2025-01-10,07 10 11 18 20 29 30,32 36,第608回
2025-01-17,04 11 12 23 26 32 37,01 09,第609回
2025-01-24,01 08 09 23 24 31 36,21 28,第610回
2025-01-31,07 08 11 18 20 30 34,05 14,第611回
2025-02-07,05 13 16 23 27 31 34,26 33,第612回
2025-02-14,03 05 06 10 19 21 35,13 27,第613回
2025-02-21,14 21 22 23 24 28 34,05 37,第614回
2025-02-28,04 11 21 26 27 28 33,10 13,第615回
2025-03-07,07 15 20 28 29 34 36,01 35,第616回
2025-03-14,02 06 10 12 25 28 35,27 31,第617回
2025-03-21,07 17 20 23 24 34 36,25 35,第618回
2025-03-28,08 09 18 20 27 29 32,07 12,第619回
2025-04-04,02 04 08 10 12 29 32,06 13,第620回
2025-04-11,01 02 12 13 14 30 36,09 24,第621回
2025-04-18,01 10 28 29 30 33 34,21 27,第622回
2025-04-25,09 12 22 26 28 31 37,07 30,第623回
2025-05-02,02 14 15 26 27 34 36,09 24,第624回
2025-05-09,03 10 12 18 19 24 32,04 15,第625回
2025-05-16,01 03 07 12 17 32 34,14 30,第626回
2025-05-23,09 15 21 30 33 34 37,10 35,第627回
2025-05-30,01 08 09 11 18 27 35,16 34,第628回
2025-06-06,02 07 09 21 23 24 30,22 29,第629回
2025-06-13,04 06 08 23 28 29 34,10 19,第630回
2025-06-20,02 03 06 17 33 35 36,25 37,第631回
2025-06-27,05 07 10 11 29 31 37,13 25,第632回
2025-07-04,02 05 10 17 21 31 36,20 32,第633回
2025-07-11,02 12 18 29 32 36 37,05 21,第634回
2025-07-18,10 12 20 29 30 31 34,04 15,第635回
2025-07-25,10 14 17 20 26 27 29,03 11,第636回
2025-08-01,01 04 07 08 09 20 21,11 30,第637回
2025-08-08,01 06 18 19 35 36 37,11 24,第638回
2025-08-15,05 09 12 15 30 31 34,13 29,第639回
2025-08-22,02 07 09 12 13 14 29,15 30,第640回
2025-08-29,01 03 07 23 24 33 36,17 30,第641回
2025-09-05,01 07 22 23 33 34 35,02 24,第642回
2025-09-12,01 05 15 16 18 27 34,19 22,第643回
2025-09-19,01 11 12 14 20 26 29,02 05,第644回
2025-09-26,07 10 16 20 26 32 35,24 33,第645回
